Ia,B
0.292, 0.0035
0.256, 0.00455
0.036, 0.0049
0.008, 0.00525
0.004, 0.0056
0,     0.00595
0,     0.007